date,context,feels
2025-04-01,4μ›” 1μΌμ΄λ‹¤. ν–‰λ³µν•λ‹¤,π™‚
2025-04-02,4μ›” 2μΌμ΄λ‹¤. μ¦κ²λ‹¤,π™‚
2025-04-03,4μ›” 3μΌμ΄λ‹¤. μ°μΈν•λ‹¤,π™‚
2025-04-04,4μ›” 4μΌμ΄λ‹¤. ν™”λ‚λ‹¤.,π™‚
2025-04-05,4μ›” 5μΌμ΄λ‹¤. ν–‰λ³µν•λ‹¤.,π™‚
2025-04-06,4μ›” 6μΌμ΄λ‹¤. μ¦κ²λ‹¤,π™‚
2025-04-07,4μ›” 7μΌμ΄λ‹¤. μ°μΈν•λ‹¤,π™‚
2025-04-08,4μ›” 8μΌμ΄λ‹¤. ν™”λ‚λ‹¤.,π™‚
2025-04-09,4μ›” 9μΌμ΄λ‹¤. ν–‰λ³µν•λ‹¤.,π
2025-04-10,4μ›” 10μΌμ΄λ‹¤. μ¦κ²λ‹¤,π™‚
2025-04-11,4μ›” 11μΌμ΄λ‹¤. μ¦κ²λ‹¤,π™‚
2025-04-12,4μ›” 12μΌμ΄λ‹¤. ν–‰λ³µν•λ‹¤.,π™‚
2025-04-13,4μ›” 13μΌμ΄λ‹¤. ν™”λ‚λ‹¤.,πΆ
2025-04-14,4μ›” 14μΌμ΄λ‹¤. μ°μΈν•λ‹¤,π™‚
2025-04-15,4μ›” 15μΌμ΄λ‹¤. ν–‰λ³µν•λ‹¤.,π™‚
2025-04-16,4μ›” 16μΌμ΄λ‹¤. μ¦κ²λ‹¤,π΅
2025-04-17,4μ›” 17μΌμ΄λ‹¤. μ¦κ²λ‹¤,π™‚
2025-04-18,4μ›” 18μΌμ΄λ‹¤. ν™”λ‚λ‹¤.,π™‚
2025-04-19,4μ›” 19μΌμ΄λ‹¤. ν™”λ‚λ‹¤.,π
2025-04-20,4μ›” 20μΌμ΄λ‹¤. μ°μΈν•λ‹¤,π™‚
2025-04-21,4μ›” 21μΌμ΄λ‹¤. ν™”λ‚λ‹¤.,π™‚
2025-04-22,4μ›” 22μΌμ΄λ‹¤. ν™”λ‚λ‹¤.,π™‚
2025-04-23,4μ›” 23μΌμ΄λ‹¤. ν™”λ‚λ‹¤.,π΅
2025-04-24,4μ›” 24μΌμ΄λ‹¤. ν–‰λ³µν•λ‹¤.,π™‚
2025-04-25,4μ›” 25μΌμ΄λ‹¤. μ°μΈν•λ‹¤,π
2025-04-26,4μ›” 26μΌμ΄λ‹¤. μ¦κ²λ‹¤,π™‚
2025-04-27,4μ›” 27μΌμ΄λ‹¤. μ°μΈν•λ‹¤,π™‚
2025-04-28,4μ›” 28μΌμ΄λ‹¤. ν™”λ‚λ‹¤.,π™‚
2025-04-29,4μ›” 29μΌμ΄λ‹¤. ν–‰λ³µν•λ‹¤.,π™‚
2025-04-30,4μ›” 30μΌμ΄λ‹¤. ν™”λ‚λ‹¤.,π™‚
2025-05-01,5μ›” 1μΌμ΄λ‹¤. μ°μΈν•λ‹¤,πΆ
2025-05-02,5μ›” 2μΌμ΄λ‹¤. μ¦κ²λ‹¤,π™‚
2025-05-03,5μ›” 3μΌμ΄λ‹¤. ν™”λ‚λ‹¤.,]π΅
2025-05-04,5μ›” 4μΌμ΄λ‹¤. ν–‰λ³µν•λ‹¤.,π™‚
2025-05-05,5μ›” 5μΌμ΄λ‹¤. μ°μΈν•λ‹¤,π™‚
2025-05-06,5μ›” 6μΌμ΄λ‹¤. μ¦κ²λ‹¤,π™‚
2025-05-07,5μ›” 7μΌμ΄λ‹¤. ν™”λ‚λ‹¤.,π
2025-05-08,5μ›” 8μΌμ΄λ‹¤. ν–‰λ³µν•λ‹¤.,π™‚
2025-05-09,5μ›” 9μΌμ΄λ‹¤. μ°μΈν•λ‹¤,π΅
2025-05-10,5μ›” 10μΌμ΄λ‹¤. ν–‰λ³µν•λ‹¤.,π™‚
2025-05-11,5μ›” 11μΌμ΄λ‹¤. μ¦κ²λ‹¤,π™‚
2025-05-12,5μ›” 12μΌμ΄λ‹¤. ν™”λ‚λ‹¤.,π™‚
2025-05-13,μ§‘μ—κ°λ!!,π΅
